{
    "version": "0.2.0",
    "configurations": [
      

      {
        "name": "Pico Debug Alt",
        "cwd": "${workspaceRoot}",
        "executable": "${command:cmake.launchTargetPath}",
        "request": "launch",
        "type": "cortex-debug",
        "servertype": "openocd",
        // This may need to be gdb-multiarch depending on your system
        "gdbPath" : "arm-none-eabi-gdb",
        "device": "RP2040",
        "configFiles": [
            "interface/picoprobe.cfg",
            "target/rp2040.cfg"
        ],
        "svdFile": "${env:PICO_SDK_PATH}/src/rp2040/hardware_regs/rp2040.svd",
        //"runToMain": true,
        "runToEntryPoint": "main",
        // Work around for stopping at main on restart
        "postRestartCommands": [
            "break main",
            "continue"
        ],
        "searchDir": ["C:/VSARM/sdk/pico/openocd/tcl"],
    },
      {
        "gdbPath": "gdb-multiarch",
        "name": "Pico Debug",
        "cwd": "${workspaceRoot}",
        "executable": "${command:cmake.launchTargetPath}",
        "request": "launch",
        "type": "cortex-debug",
        "servertype": "openocd",
        "device": "RP2040",
        "configFiles": [
          "interface/picoprobe.cfg",
          "target/rp2040.cfg"
          ],
        "svdFile": "${env:PICO_SDK_PATH}/src/rp2040/hardware_regs/rp2040.svd",
        "runToEntryPoint": "main",
        "postRestartCommands": [
          "break main",
          "continue"
        ]
      }
    ]
  }
